Inglês,Português
a,uma
abandon,abandono
ability,habilidade
able,capaz
abortion,aborto
about,cerca de
above,acima de
abroad,fora do país
absence,ausência
absolute,absoluto
absolutely,absolutamente
absorb,absorver
abuse,Abuso
academic,acadêmico
accept,aceitar
access,Acesso
accident,acidente
accompany,acompanhar
accomplish,concluir
according,de acordo com
account,conta
accurate,exato
accuse,acusar
achieve,alcançar
achievement,conquista
acid,ácido
acknowledge,reconhecer
acquire,adquirir
across,através
act,Aja
action,ação
active,ativo
activist,ativista
activity,atividade
actor,ator
actress,atriz
actual,real
actually,na realidade
ad,de Anúncios
adapt,adaptar
add,adicionar
addition,Adição
additional,adicional
address,Morada
adequate,adequado
adjust,ajustar
adjustment,ajustamento
administration,administração
administrator,administrador
admire,admirar
admission,admissão
admit,Admitem
adolescent,adolescente
adopt,adotar
adult,adulto
advance,avançar
advanced,Avançado
advantage,vantagem
adventure,aventura
advertising,publicidade
advice,adendo
advise,conselho
adviser,conselheiro
advocate,advogado
affair,caso
affect,afetar
afford,proporcionar
afraid,com medo
African,africano
African-American,Afro-americano
after,depois
afternoon,tarde
again,novamente
against,contra
age,era
agency,agência
agenda,agenda
agent,agente
aggressive,agressivo
ago,atrás
agree,aceita
agreement,acordo
agricultural,agrícola
ah,Curti
ahead,à frente
aid,ajuda
aide,assessor
AIDS,AUXILIA
aim,mirar
air,ar
aircraft,Aeronave
airline,CIA aérea
airport,aeroporto
album,álbum
alcohol,álcool
alive,vivo
all,tudo
alliance,aliança
allow,permitir
ally,aliado
almost,quase
alone,sozinho
along,ao longo
already,já
also,também
alter,alterar
alternative,alternativo
although,Apesar
always,sempre
AM,SOU
amazing,incrível
American,americano
among,dentre
amount,quantia
analysis,análise
analyst,analista
analyze,analisar
ancient,antigo
and,e
anger,raiva
angle,ângulo
angry,Bravo
animal,animal
anniversary,aniversário
announce,anunciar
annual,anual
another,outro
answer,responda
anticipate,antecipar
anxiety,ansiedade
any,algum
anybody,qualquer pessoa
anymore,não mais
anyone,alguém
anything,nada
anyway,de qualquer forma
anywhere,qualquer lugar
apart,separado
apartment,apartamento
apparent,aparente
apparently,aparentemente
appeal,apelo
appear,aparecer
appearance,aparência
apple,maçã
application,inscrição
apply,Aplique
appoint,nomear
appointment,compromisso
appreciate,apreciar
approach,abordagem
appropriate,apropriado
approval,aprovação
approve,aprovar
approximately,aproximadamente
Arab,árabe
architect,arquiteto
area,área
argue,argumentar
argument,argumento
arise,surgir
arm,braço
armed,armado
army,exército
around,por aí
arrange,arranjo
arrangement,arranjo
arrest,prender prisão
arrival,chegada
arrive,chegar
art,arte
article,artigo
artist,artista
artistic,artístico
as,Como
Asian,Asiático
aside,"a parte, de lado"
ask,perguntar
asleep,dormindo
aspect,aspecto
assault,assalto
assert,afirmar
assess,avaliar
assessment,avaliação
asset,de ativos
assign,atribuir
assignment,atribuição
assist,assistência
assistance,assistência
assistant,assistente
associate,associado
association,Associação
assume,presumir
assumption,suposição
assure,assegurar
at,no
athlete,atleta
athletic,Atlético
atmosphere,atmosfera
attach,anexar
attack,ataque
attempt,tentar
attend,participar
attention,atenção
attitude,atitude
attorney,advogado
attract,atrai
attractive,atraente
attribute,atributo
audience,público
author,autor
authority,autoridade
auto,auto
available,acessível
average,média
avoid,evitar
award,prêmio
aware,consciente
awareness,conhecimento
away,um jeito
awful,horrível
baby,bebê
back,de volta
background,fundo
bad,mau
badly,seriamente
bag,sacola
bake,assar
balance,Saldo
ball,bola
ban,banimento
band,banda
bank,banco
bar,bar
barely,por muito pouco
barrel,barril
barrier,barreira
base,base
baseball,beisebol
basic,básico
basically,basicamente
basis,base
basket,cesta
basketball,basquetebol
bathroom,banheiro
battery,bateria
battle,batalha
be,ser
beach,de praia
bean,feijão
bear,urso
beat,bater
beautiful,lindo
beauty,beleza
because,Porque
become,vir a ser
bed,cama
bedroom,quarto
beer,Cerveja
before,antes da
begin,começar
beginning,começo
behavior,comportamento
behind,atras do
being,ser
belief,crença
believe,acreditam
bell,Sino
belong,pertencer
below,abaixo de
belt,cinto
bench,banco de sentar
bend,dobrar
beneath,abaixo
benefit,beneficiar
beside,ao lado
besides,além do mais
best,melhor
bet,mas
better,Melhor
between,entre
beyond,além
Bible,Bíblia
big,grande
bike,bicicleta
bill,conta
billion,bilhão
bind,ligar
biological,biológico
bird,pássaro
birth,nascimento
birthday,aniversário
bit,pedaço
bite,morder
black,Preto
blade,lâmina
blame,culpa
blanket,cobertor
blind,cego
block,quadra
blood,sangue
blow,golpe
blue,azul
board,quadro
boat,barco
body,corpo
bomb,bombear
bombing,bombardeio
bond,ligação
bone,osso
book,livro
boom,estrondo
boot,bota
border,fronteira
born,nascido
borrow,pedir emprestado
boss,chefe
both,Ambas
bother,irmão
bottle,garrafa
bottom,fundo
boundary,fronteira
bowl,tigela
box,caixa
boy,Garoto
boyfriend,namorado
brain,cérebro
branch,ramo
brand,marca
bread,pão
break,parar
breakfast,café da manhã
breast,seios
breath,respiração
breathe,respirar
brick,tijolo
bridge,ponte
brief,apresentação
briefly,brevemente
bright,brilhante
brilliant,brilhante
bring,trazer
British,Britânico
broad,largo
broken,quebrado
brother,irmão
brown,Castanho
brush,escovar
buck,bode
budget,orçamento
build,construir
building,prédio
bullet,bala
bunch,monte
burden,fardo
burn,queimar
bury,enterrar
bus,ônibus
business,o negócio
busy,ocupado
but,mas
butter,manteiga
button,botão
buy,Comprar
buyer,comprador
by,por
cabin,cabine
cabinet,gabinete
cable,cabo
cake,bolo
calculate,calcular
call,ligar
camera,Câmera
camp,acampamento
campaign,campanha
campus,campus
can,posso
Canadian,canadense
cancer,Câncer
candidate,candidato
cap,boné
capability,capacidade
capable,capaz
capacity,capacidade
capital,capital
captain,capitão
capture,capturar
car,carro
carbon,carbono
card,cartão
care,Cuidado
career,carreira
careful,cuidadoso
carefully,com cuidado
carrier,operadora
carry,carregar
case,caso
cash,dinheiro
cast,elenco
cat,gato
catch,truque
category,categoria
Catholic,católico
cause,causa
ceiling,teto
celebrate,comemoro
celebration,celebração
celebrity,celebridade
cell,célula
center,Centro
central,central
century,século
CEO,CEO
ceremony,cerimônia
certain,certo
certainly,certamente
chain,corrente
chair,cadeira
chairman,presidente
challenge,desafio
chamber,câmara
champion,campeão
championship,campeonato
chance,chance
change,mudança
changing,mudando
channel,canal
chapter,capítulo
character,personagem
characteristic,característica
characterize,caracterizar
charge,carregar
charity,caridade
chart,gráfico
chase,correr atrás
cheap,barato
check,Verifica
cheek,bochecha
cheese,queijo
chef,chefe de cozinha
chemical,químico
chest,peito
chicken,frango
chief,chefe
child,filho
childhood,infância
Chinese,chinês
chip,lasca
chocolate,chocolate
choice,escolha
cholesterol,colesterol
choose,escolher
Christian,cristão
Christmas,Natal
church,igreja
cigarette,cigarro
circle,círculo
circumstance,circunstância
cite,citar
citizen,cidadão
city,cidade
civil,Civil
civilian,civil
claim,alegar
class,classe
classic,clássico
classroom,Sala de aula
clean,limpar
clear,Claro
clearly,claramente
client,cliente
climate,clima
climb,escalar
clinic,consultório
clinical,clínico
clock,relógio
close,perto
closely,de perto
closer,mais próximo
clothes,roupas
clothing,confecções
cloud,nuvem
club,clube
clue,dica
cluster,conjunto
coach,treinador
coal,carvão
coalition,aliança
coast,costa
coat,casaco
code,código
coffee,café
cognitive,cognitivo
cold,resfriado
collapse,colapso
colleague,colega
collect,coletar
collection,coleção
collective,coletivo
college,faculdade
colonial,colonial
color,cor
column,coluna
combination,combinação
combine,combinar
come,venha
comedy,comédia
comfort,conforto
comfortable,confortável
command,comando
commander,comandante
comment,Comente
commercial,comercial
commission,comissão
commit,comprometer-se
commitment,compromisso
committee,Comitê
common,comum
communicate,comunicar
communication,comunicação
community,comunidade
company,companhia
compare,comparar
comparison,comparação
compete,competir
competition,concorrência
competitive,competitivo
competitor,concorrente
complain,reclamar
complaint,reclamação
complete,completo
completely,completamente
complex,complexo
complicated,complicado
component,componente
compose,compor
composition,composição
comprehensive,compreensivo
computer,computador
concentrate,concentrado
concentration,concentração
concept,conceito
concern,interesse
concerned,preocupado
concert,show
conclude,concluir
conclusion,conclusão
concrete,concreto
condition,doença
conduct,conduta
conference,conferência
confidence,confiança
confident,confiante
confirm,confirme
conflict,conflito
confront,enfrentar
confusion,confusão
Congress,Congresso
congressional,Congresso
connect,conectar
connection,conexão
consciousness,consciência
consensus,consenso
consequence,consequência
conservative,conservador
consider,considerar
considerable,considerável
consideration,consideração
consist,consiste
consistent,consistente
constant,constante
constantly,constantemente
constitute,constituir
constitutional,constitucional
construct,construir
construction,construção
consultant,consultor
consume,consumir
consumer,consumidor
consumption,consumo
contact,contato
contain,conter
container,recipiente
contemporary,contemporâneo
content,contente
contest,concurso
context,contexto
continue,Prosseguir
continued,contínuo
contract,contrato
contrast,contraste
contribute,contribuir
contribution,contribuição
control,ao controle
controversial,controverso
controversy,controvérsia
convention,convenção
conventional,convencional
conversation,conversação
convert,converter
conviction,convicção
convince,convencer
cook,cozinheiro
cookie,bolacha
cooking,cozinhando
cool,legal
cooperation,cooperação
cop,policial
cope,lidar
copy,cópia de
core,essencial
corn,milho
corner,canto
corporate,corporativo
corporation,corporação
correct,correto
correspondent,correspondente
cost,custo
cotton,algodão
couch,sofá
could,poderia
council,conselho
counselor,conselheiro
count,contar
counter,contador
country,país
county,município
couple,casal
courage,coragem
course,curso
court,quadra
cousin,prima
cover,cobrir
coverage,cobertura
cow,vaca
crack,rachadura
craft,arte
crash,batida
crazy,louco
cream,creme
create,crio
creation,criação
creative,criativo
creature,criatura
credit,crédito
crew,equipe técnica
crime,crime
criminal,Criminoso
crisis,crise
criteria,critério
critic,crítico
critical,crítico
criticism,crítica
criticize,criticar
crop,colheita
cross,Cruz
crowd,multidão
crucial,crucial
cry,choro
cultural,cultural
culture,cultura
cup,copo
curious,curioso
current,atual
currently,atualmente
curriculum,currículo
custom,personalizadas
customer,cliente
cut,cortar
cycle,ciclo
dad,Papai
daily,diário
damage,dano
dance,dança
danger,perigo
dangerous,perigoso
dare,Ouse
dark,Sombrio
darkness,Trevas
data,dados
date,encontro
daughter,filha
day,dia
dead,morto
deal,acordo
dealer,distribuidor
dear,caro
death,morte
debate,debate
debt,dívida
decade,década
decide,decidir
decision,decisão
deck,área coberta
declare,declarar
decline,declínio
decrease,diminuir
deep,profundo
deeply,profundamente
deer,cervo
defeat,derrota
defend,defender
defendant,réu
defense,defesa
defensive,defensiva
deficit,déficit
define,definir
definitely,definitivamente
definition,definição
degree,grau
delay,atraso
deliver,entregar
delivery,Entrega
demand,exigem
democracy,democracia
Democrat,Democrata
democratic,democrático
demonstrate,demonstrar
demonstration,demonstração
deny,negar
department,departamento
depend,depender
dependent,dependente
depending,dependendo
depict,representar
depression,depressão
depth,profundidade
deputy,deputado
derive,derivar
describe,descrever
description,Descrição
desert,deserto
deserve,merecer
design,Projeto
designer,Designer
desire,desejo
desk,mesa
desperate,desesperado
despite,apesar de
destroy,destruir
destruction,destruição
detail,detalhe
detailed,detalhado
detect,detectar
determine,determinar
develop,desenvolve
developing,em desenvolvimento
development,desenvolvimento
device,dispositivo
devote,dedicar
dialogue,diálogo
die,a
diet,dieta
differ,diferir
difference,diferença
different,diferente
differently,diferentemente
difficult,difícil
difficulty,dificuldade
dig,vocês
digital,digital
dimension,dimensão
dining,jantar
dinner,jantar
direct,direto
direction,direção
directly,diretamente
director,diretor
dirt,sujeira
dirty,sujo
disability,incapacidade
disagree,discordar
disappear,desaparecer
disaster,desastre
discipline,disciplina
discourse,discurso
discover,descobrir
discovery,descoberta
discrimination,discriminação
discuss,discutir
discussion,discussão
disease,doença
dish,prato
dismiss,dispensar
disorder,transtorno
display,exibição
dispute,disputa
distance,distância
distant,distante
distinct,distinto
distinction,distinção
distinguish,distinguir
distribute,distribuir
distribution,distribuição
district,distrito
diverse,diversificado
diversity,diversidade
divide,dividir
division,divisão
divorce,divórcio
DNA,DNA
do,Faz
doctor,médico
document,documento
dog,cão
domestic,doméstico
dominant,dominante
dominate,dominar
door,porta
double,em dobro
doubt,dúvida
down,baixa
downtown,centro da cidade
dozen,dúzia
draft,rascunho
drag,arrastar
drama,drama
dramatic,dramático
dramatically,dramaticamente
draw,empate
drawing,desenho
dream,Sonhe
dress,vestir
drink,beber
drive,dirigir
driver,condutor
drop,derrubar
drug,medicamento
dry,seco
due,vencimento
during,durante
dust,pó
duty,dever
each,cada
eager,ansioso
ear,orelha
early,cedo
earn,ganhar
earnings,ganhos
earth,terra
ease,facilidade
easily,facilmente
east,leste
eastern,Oriental
easy,fácil
eat,comer
economic,econômico
economics,Economia
economist,economista
economy,economia
edge,borda
edition,edição
editor,editor
educate,educar
education,Educação
educational,educacional
educator,educador
effect,efeito
effective,eficaz
effectively,efetivamente
efficiency,eficiência
efficient,eficiente
effort,esforço
egg,ovo
eight,oito
either,qualquer
elderly,idoso
elect,eleger
election,eleição
electric,elétrico
electricity,eletricidade
electronic,eletrônico
element,elemento
elementary,elementar
eliminate,eliminar
elite,elite
else,senão
elsewhere,em outro lugar
e-mail,o email
embrace,abraçar
emerge,emerge
emergency,emergência
emission,emissão
emotion,emoção
emotional,emocional
emphasis,ênfase
emphasize,enfatizar
employ,empregar
employee,empregado
employer,Empregador
employment,emprego
empty,vazio
enable,permitir
encounter,encontro
encourage,encorajar
end,fim
enemy,inimigo
energy,energia
enforcement,execução
engage,se empenhar
engine,motor
engineer,engenheiro
engineering,Engenharia
English,Inglês
enhance,realçar
enjoy,desfrutar
enormous,enorme
enough,o suficiente
ensure,garantir
enter,digitar
enterprise,empreendimento
entertainment,entretenimento
entire,inteira
entirely,inteiramente
entrance,Entrada
entry,entrada
environment,meio Ambiente
environmental,de Meio Ambiente
episode,episódio
equal,igual
equally,igualmente
equipment,equipamento
era,era
error,erro
escape,escapar
especially,especialmente
essay,ensaio
essential,essencial
essentially,essencialmente
establish,estabelecer
establishment,estabelecimento
estate,Estado
estimate,estimativa
etc,etc.
ethics,ética
ethnic,étnico
European,europeu
evaluate,Avalie
evaluation,avaliação
even,até
evening,tarde
event,evento
eventually,eventualmente
ever,sempre
every,todo
everybody,todo o mundo
everyday,todo dia
everyone,todos
everything,tudo
everywhere,em toda parte
evidence,evidência
evolution,evolução
evolve,evoluir
exact,exato
exactly,exatamente
examination,exame
examine,examinar
example,exemplo
exceed,ultrapassarem
excellent,excelente
except,exceto
exception,exceção
exchange,intercâmbio
exciting,excitante
executive,executivo
exercise,exercício
exhibit,Exibir
exhibition,exibição
exist,existir
existence,existência
existing,existir
expand,expandir
expansion,expansão
expect,Espero
expectation,expectativa
expense,despesa
expensive,caro
experience,experiência
experiment,experimentar
expert,especialista
explain,explique
explanation,explicação
explode,explodir
explore,explorar
explosion,explosão
expose,expor
exposure,exposição
express,expressar
expression,expressão
extend,ampliar
extension,extensão
extensive,extenso
extent,extensão
external,externo
extra,extra
extraordinary,extraordinário
extreme,extremo
extremely,extremamente
eye,olho
fabric,tecido
face,enfrentar
facility,instalação
fact,facto
factor,fator
factory,fábrica
faculty,Faculdade
fade,desvaneça
fail,falhou
failure,falha
fair,feira
fairly,com justiça
faith,fé
fall,cair
FALSE,FALSO
familiar,familiar
family,família
famous,famoso
fan,fã
fantasy,fantasia
far,distante
farm,Fazenda
farmer,agricultor
fashion,moda
fast,velozes
fat,gordo
fate,destino
father,pai
fault,culpa
favor,Favor
favorite,favorito
fear,temer
feature,característica
federal,Federal
fee,taxa
feed,alimentação
feel,sentir
feeling,sentimento
fellow,companheiro
female,fêmea
fence,cerca
few,alguns
fewer,menos
fiber,fibra
fiction,ficção
field,campo
fifteen,quinze
fifth,quinto
fifty,cinquenta
fight,lutar
fighter,lutador
fighting,brigando
figure,figura
file,Arquivo
fill,encher
film,filme
final,final
finally,finalmente
finance,finança
financial,financeiro
find,achar
finding,encontrando
fine,multar
finger,dedo
finish,Finalizar
fire,incêndio
firm,empresa
first,primeiro
fish,peixe
fishing,pescaria
fit,em forma
fitness,ginástica
five,cinco
fix,fixar
flag,bandeira
flame,chama
flat,apartamento
flavor,sabor
flee,fugir
flesh,carne
flight,voar
float,flutuador
floor,piso
flow,fluxo
flower,flor
fly,voe
focus,foco
folk,folk
follow,Segue
following,Segue
food,Comida
foot,pé
football,futebol
for,por
force,força
foreign,estrangeiro
forest,floresta
forever,para todo sempre
forget,esquecer
form,Formato
formal,formal
formation,formação
former,antigo
formula,Fórmula
forth,adiante
fortune,fortuna
forward,frente
found,encontrado
foundation,Fundação
founder,fundador
four,quatro
fourth,quarto
frame,quadro
framework,estrutura
free,gratuitamente
freedom,liberdade
freeze,congelar
French,Francês
frequency,frequência
frequent,freqüente
frequently,freqüentemente
fresh,fresco
friend,amigo
friendly,amigáveis
friendship,amizade
from,a partir de
front,frente
fruit,fruta
frustration,frustração
fuel,combustível
full,cheio
fully,totalmente
fun,Diversão
function,função
fund,fundo
fundamental,fundamental
funding,financiamento
funeral,funeral
funny,engraçado
furniture,mobiliário
furthermore,além do mais
future,futuro
gain,ganho
galaxy,galáxia
gallery,galeria
game,jogos
gang,gangue
gap,Gap = Vão
garage,garagem
garden,jardim
garlic,alho
gas,gás
gate,portão
gather,reunir
gay,gay
gaze,olhar
gear,engrenagem
gender,Gênero sexual
gene,gene
general,em geral
generally,geralmente
generate,gerar
generation,geração
genetic,genético
gentleman,cavalheiro
gently,suavemente
German,Alemão
gesture,gesto
get,pegue
ghost,fantasma
giant,gigante
gift,Presente
gifted,dotado
girl,menina
girlfriend,Namorada
give,dar
given,dado
glad,alegre
glance,olhar
glass,vidro
global,global
glove,luva
go,vai
goal,meta
God,Deus
gold,ouro
golden,dourado
golf,golfe
good,Boa
government,governo
governor,governador
grab,agarrar
grade,avaliar
gradually,gradualmente
graduate,diplomado
grain,grão
grand,grande
grandfather,Vô
grandmother,avó
grant,conceder
grass,Relva
grave,cova
gray,cinzento
great,excelente
greatest,o melhor
green,verde
grocery,mercado
ground,chão
group,grupo
grow,crescer
growing,crescendo
growth,crescimento
guarantee,garantia
guard,guarda
guess,acho
guest,convidado
guide,guia
guideline,diretriz
guilty,culpado
gun,arma de fogo
guy,cara
habit,hábito
habitat,habitat
hair,cabelo
half,metade
hall,corredor
hand,mão
handful,punhado
handle,lidar com
hang,pendurar
happen,morder
happy,feliz
hard,duro
hardly,dificilmente
hat,Tem
hate,odiar
have,tenho
he,ele
head,cabeça
headline,título
headquarters,quartel general
health,saúde
healthy,saudável
hear,ouvir
hearing,audição
heart,coração
heat,aquecer
heaven,paraíso
heavily,pesadamente
heavy,pesado
heel,tudo
height,altura
helicopter,helicóptero
hell,inferno
hello,olá
help,ajuda
helpful,útil
her,sua
here,aqui
heritage,herança
hero,herói
herself,ela própria
hey,Ei
hi,Oi
hide,ocultar
high,Alto
highlight,realçar
highly,altamente
highway,autoestrada
hill,colina
him,dele
himself,ele mesmo
hip,quadril
hire,contratar
his,seu
historian,historiador
historic,histórico
historical,histórico
history,história
hit,acertar
hold,aguarde
hole,buraco
holiday,feriado
holy,piedosos
home,casa
homeless,sem teto
honest,honesto
honey,querida
honor,honra
hope,ter esperança
horizon,horizonte
horror,Horror
horse,cavalo
hospital,hospital
host,hospedeiro
hot,quente
hotel,hotel
hour,hora
house,lar
household,doméstico
housing,habitação
how,Como as
however,Contudo
huge,enorme
human,humano
humor,humor
hundred,centenas
hungry,com fome
hunter,caçador
hunting,Caçando
hurt,ferir
husband,esposo
hypothesis,hipótese
I,EU
ice,gelo
idea,idéia
ideal,ideal
identification,identificação
identify,identificar
identity,identidade
ie,ou seja
if,E se
ignore,ignorar
ill,doente
illegal,ilegal
illness,doença
illustrate,ilustrar
image,imagem
imagination,imaginação
imagine,Imagine
immediate,imediato
immediately,imediatamente
immigrant,imigrante
immigration,imigração
impact,impacto
implement,implemento
implication,implicação
imply,implicar
importance,importância
important,importante
impose,impor
impossible,impossível
impress,impressionar
impression,impressão
impressive,impressionante
improve,melhorar
improvement,melhoria
in,dentro
incentive,incentivo
incident,incidente
include,incluir
including,Incluindo
income,renda
incorporate,incorporar
increase,aumentar
increased,aumentou
increasing,aumentando
increasingly,cada vez mais
incredible,incrível
indeed,na verdade
independence,independência
independent,independente
index,índice
Indian,indiano
indicate,indicar
indication,indicação
individual,Individual
industrial,industrial
industry,indústria
infant,infantil
infection,infecção
inflation,inflação
influence,influência
inform,informar
information,em formação
ingredient,ingrediente
initial,inicial
initially,inicialmente
initiative,iniciativa
injury,prejuízo
inner,interno
innocent,inocente
inquiry,investigação
inside,lado de dentro
insight,entendimento
insist,insistir
inspire,inspirar
install,instalar
instance,instância
instead,em vez de
institution,instituição
institutional,institucional
instruction,instrução
instructor,instrutor
instrument,instrumento
insurance,seguro
intellectual,intelectual
intelligence,inteligência
intend,pretende
intense,intenso
intensity,intensidade
intention,intenção
interaction,interação
interest,interesse
interested,interessado
interesting,interessante
internal,interno
international,internacional
Internet,Internet
interpret,interpretar
interpretation,interpretação
intervention,intervenção
interview,entrevista
into,em
introduce,introduzir
introduction,introdução
invasion,invasão
invest,investir
investigate,investigar
investigation,investigação
investigator,investigador
investment,investimento
investor,investidor
invite,convidar
involve,envolver
involved,envolvido
involvement,envolvimento
Iraqi,iraquiano
Irish,irlandês
iron,ferro
Islamic,islâmico
island,ilha
Israeli,israelense
issue,questão
it,isto
Italian,italiano
item,item
its,Está
itself,em si
jacket,jaqueta
jail,cadeia
Japanese,japonês
jet,jato
Jew,Ou
Jewish,judaico
job,trabalho
join,Junte
joint,articulação
joke,Piada
journal,Diário
journalist,jornalista
journey,jornada
joy,alegria
judge,juiz
judgment,julgamento
juice,suco
jump,pular
junior,júnior
jury,júri
just,apenas
justice,justiça
justify,justificar
keep,guarda
key,chave
kick,chute
kid,miúdo
kill,matar
killer,assassino
killing,matando
kind,Gentil
king,rei
kiss,beijo
kitchen,cozinha
knee,joelho
knife,faca
knock,bater
know,conhecer
knowledge,conhecimento
lab,laboratório
label,etiqueta
labor,trabalho
laboratory,laboratório
lack,falta
lady,senhora
lake,lago
land,terra
landscape,paisagem
language,Língua
lap,colo
large,ampla
largely,largamente
last,último
late,tarde
later,mais tarde
Latin,Latim
latter,último
laugh,riso
launch,lançar
law,lei
lawn,grama
lawsuit,processo
lawyer,advogado
lay,colocar
layer,camada
lead,conduzir
leader,líder
leadership,Liderança
leading,conduzindo
leaf,folha
league,liga
lean,magro
learn,aprender
learning,Aprendendo
least,ao menos
leather,couro
leave,sair
left,deixei
leg,perna
legacy,legado
legal,jurídico
legend,lenda
legislation,legislação
legitimate,legítimo
lemon,limão
length,comprimento
less,menos
lesson,lição
let,deixar
letter,carta
level,nível
liberal,liberal
library,biblioteca
license,licença
lie,mentira
life,vida
lifestyle,estilo de vida
lifetime,vida
lift,levantar
light,leve
like,Curti
likely,provável
limit,limite
limitation,limitação
limited,limitado
line,linha
link,link
lip,lábio
list,Lista
listen,ouço
literally,literalmente
literary,literário
literature,literatura
little,pequena
live,viver
living,vivo
load,carregar
loan,empréstimo
local,local
locate,localizar
location,localização
lock,trancar
long,grandes
long-term,longo prazo
look,olhar
loose,solto
lose,perder
loss,perda
lost,perdido
lot,muito
lots,grande quantidade
loud,alto
love,amor
lovely,encantador
lover,amante
low,baixo
lower,mais baixo
luck,sorte
lucky,afortunado
lunch,almoço
lung,pulmão
machine,máquina
mad,louco
magazine,revista
mail,correspondência
main,a Principal
mainly,principalmente
maintain,manter
maintenance,manutenção
major,formar-se
majority,maioria
make,faço
maker,criador
makeup,Maquiagem
male,macho
mall,Shopping
man,cara
manage,gerir
management,gestão
manager,Gerente
manner,maneiras
manufacturer,fabricante
manufacturing,fabricação
many,muitos
map,mapa
margin,margem
mark,marca
market,mercado
marketing,marketing
marriage,casado
married,casado
marry,casar
mask,mascarar
mass,massa
massive,enorme
master,mestre
match,Combine
material,material
math,matemática
matter,matéria
may,poderia
maybe,pode ser
mayor,prefeito
me,Eu
meal,refeição
mean,significa
meaning,significado
meanwhile,Enquanto isso
measure,a medida
measurement,medição
meat,eu no
mechanism,mecanismo
media,meios de comunicação
medical,médico
medication,medicamento
medicine,medicamento
medium,médio
meet,encontrar
meeting,encontro
member,membro
membership,Filiação
memory,memória
mental,mental
mention,menção
menu,cardápio
mere,mais
merely,apenas
mess,bagunça
message,mensagem
metal,metal
meter,metro
method,método
Mexican,mexicano
middle,meio
might,poderia
military,militares
milk,leite
million,milhão
mind,mente
mine,minha
minister,ministro
minor,menor
minority,minoria
minute,minuto
miracle,milagre
mirror,espelho
miss,senhorita
missile,míssil
mission,missão
mistake,erro
mix,misturar
mixture,mistura
mm-hmm,mm-hmm
mode,modo
model,modelo
moderate,moderado
modern,moderno
modest,modesto
mom,mamãe
moment,momento
money,dinheiro
monitor,monitor
month,mês
mood,humor
moon,lua
moral,moral
more,mais
moreover,além disso
morning,manhã
mortgage,hipoteca
most,a maioria
mostly,majoritariamente
mother,mãe
motion,movimento
motivation,motivação
motor,motor
mount,montar
mountain,montanha
mouse,rato
mouth,boca
move,jogada
movement,movimento
movie,filme
Mr,Senhor
Mrs,Sra
Ms,EM
much,Muito de
multiple,múltiplo
murder,assassinato
muscle,músculo
museum,museu
music,música
musical,musical
musician,músico
Muslim,muçulmano
must,devo
mutual,mútuo
my,minha
myself,Eu mesmo
mystery,mistério
myth,mito
naked,nu
name,nome
narrative,narrativa
narrow,estreito
nation,nação
national,nacional
native,nativo
natural,natural
naturally,naturalmente
nature,natureza
near,aproximar
nearby,próximo
nearly,por pouco
necessarily,necessariamente
necessary,necessário
neck,pescoço
need,precisar
negative,negativo
negotiate,negociar
negotiation,negociação
neighbor,vizinho
neighborhood,vizinhança
neither,nenhum
nerve,nervo
nervous,nervoso
net,internet
network,rede
never,Nunca
nevertheless,mesmo assim
new,novo
newly,recentemente
news,notícia
newspaper,jornal
next,próximo
nice,legais
night,noite
nine,nove
no,não
nobody,ninguém
nod,aceno com a cabeça
noise,ruído
nomination,nomeação
none,Nenhum
nonetheless,Não obstante
nor,nem
normal,normal
normally,normalmente
north,norte
northern,norte
nose,nariz
not,não
note,Nota
nothing,nada
notice,perceber
notion,noção
novel,novela
now,agora
nowhere,lugar algum
n't,não
nuclear,nuclear
number,número
numerous,numeroso
nurse,enfermeira
nut,porca
object,objeto
objective,objetivo
obligation,obrigação
observation,observação
observe,observar
observer,observador
obtain,obtivermos
obvious,óbvio
obviously,obviamente
occasion,ocasião
occasionally,ocasionalmente
occupation,ocupação
occupy,ocupar
occur,ocorrer
ocean,oceano
odd,ímpar
odds,chances
of,do
off,desligado
offense,ofensa
offensive,ofensiva
offer,oferta
office,escritório
officer,Policial
official,oficial
often,muitas vezes
oh,oh
oil,óleo
ok,OK
okay,ok
old,velho
Olympic,olímpico
on,sobre
once,uma vez
one,1
ongoing,em progresso
onion,cebola
online,conectados
only,só
onto,para
open,abrir
opening,abertura
operate,operar
operating,operativo
operation,Operação
operator,operador
opinion,opinião
opponent,oponente
opportunity,oportunidade
oppose,opor
opposite,oposto
opposition,oposição
option,opção
or,ou
orange,laranja
order,ordem
ordinary,comum
organic,orgânico
organization,organização
organize,organizar
orientation,orientação
origin,origem
original,original
originally,originalmente
other,outro
others,outros
otherwise,por outro lado
ought,deveria
our,nosso
ourselves,nós mesmos
out,Fora
outcome,resultado
outside,fora
oven,forno
over,sobre
overall,No geral
overcome,superar
overlook,negligenciar
owe,dever
own,ter
owner,proprietário
pace,ritmo
pack,pacote
package,pacote
page,página
pain,dor
painful,doloroso
paint,pintar
painter,pintor
painting,quadro
pair,par
pale,pálido
Palestinian,palestino
palm,Palma
pan,frigideira
panel,painel
pant,calça
paper,papel
parent,pai
park,parque
parking,estacionamento
part,papel
participant,participante
participate,participar
participation,participação
particular,especial
particularly,particularmente
partly,parcialmente
partner,parceiro
partnership,parceria
party,Festa
pass,passar
passage,passagem
passenger,passageiro
passion,paixão
past,passado
patch,correção
path,caminho
patient,paciente
pattern,padronizar
pause,pausa
pay,pagar
payment,Forma de pagamento
PC,PC
peace,Paz
peak,pico
peer,par
penalty,pena
people,pessoas
pepper,pimenta
per,por
perceive,perceber
percentage,percentagem
perception,percepção
perfect,perfeito
perfectly,perfeitamente
perform,executar
performance,atuação
perhaps,talvez
period,período
permanent,permanente
permission,permissão
permit,permitir
person,pessoa
personal,pessoal
personality,personalidade
personally,pessoalmente
personnel,pessoal
perspective,perspectiva
persuade,persuadir
pet,bicho de estimação
phase,Estágio
phenomenon,fenômeno
philosophy,filosofia
phone,telefone
photo,foto
photograph,fotografia
photographer,fotógrafo
phrase,frase
physical,fisica
physically,fisicamente
physician,médico
piano,piano
pick,escolha
picture,foto
pie,aproximar
piece,peça
pile,pilha
pilot,piloto
pine,pinho
pink,rosa
pipe,cano
pitch,tom
place,"Lugar, colocar"
plan,plano
plane,avião
planet,planeta
planning,planejamento
plant,plantar
plastic,plástico
plate,prato
platform,plataforma
play,Toque
player,jogador
please,por favor
pleasure,prazer
plenty,bastante
plot,enredo
plus,mais
PM,PM
pocket,bolso
poem,poema
poet,poeta
poetry,poesia
point,ponto
pole,não
police,polícia
policy,política
political,político
politically,politicamente
politician,político
politics,política
poll,votação
pollution,poluição
pool,piscina
poor,pobre
pop,pop
popular,popular
population,população
porch,varanda
port,porta
portion,parte
portrait,retrato
portray,retratar
pose,pose
position,posição
positive,positivo
possess,possuir
possibility,possibilidade
possible,possível
possibly,possivelmente
post,publicar
pot,Panela
potato,batata
potential,potencial
potentially,potencialmente
pound,libra
pour,por
poverty,pobreza
powder,em pó
power,potência
powerful,poderoso
practical,prático
practice,prática
pray,rezar
prayer,oração
precisely,precisamente
predict,prever
prefer,preferir
preference,preferência
pregnancy,gravidez
pregnant,grávida
preparation,preparação
prepare,preparar
prescription,prescrição
presence,presença
present,presente
presentation,apresentação
preserve,preservar
president,Presidente
presidential,presidencial
press,pressione
pressure,pressão
pretend,fingir
pretty,bonito
prevent,evita
previous,anterior
previously,anteriormente
price,preço
pride,orgulho
priest,padre
primarily,principalmente
primary,Primário
prime,melhor
principal,diretor
principle,princípio
print,imprimir
prior,anterior
priority,prioridade
prison,prisão
prisoner,prisioneiro
privacy,privacidade
private,privado
probably,provavelmente
problem,problema
procedure,procedimento
proceed,Continuar
process,processo
produce,produzir
producer,produtor
product,produtos
production,Produção
profession,profissão
professional,profissional
professor,professor
profile,perfil
profit,lucro
program,programa
progress,progresso
project,projeto
prominent,proeminente
promise,promessa
promote,promover
prompt,pronto
proof,prova
proper,apropriado
properly,devidamente
property,propriedade
proportion,proporção
proposal,proposta
propose,propor
proposed,proposto
prosecutor,promotor
prospect,Prospect
protect,proteger
protection,proteção
protein,proteína
protest,protesto
proud,orgulhoso
prove,provar
provide,providenciar
provider,fornecedor
province,província
provision,provisão
psychological,psicológico
psychologist,psicólogo
psychology,psicologia
public,público
publication,publicação
publicly,publicamente
publish,publicar
publisher,editor
pull,puxar
punishment,punição
purchase,comprar
pure,puro
purpose,propósito
pursue,perseguir
push,Empurre
put,colocar
qualify,qualificar
quality,qualidade
quarter,trimestre
quarterback,quarterback
question,pergunta
quick,rápido
quickly,rapidamente
quiet,tranquilo
quietly,silenciosamente
quit,Sair
quite,bastante
quote,citar
race,corrida
racial,racial
radical,radical
radio,rádio
rail,trilho
rain,chuva
raise,levantar
range,variar
rank,classificação
rapid,rápido
rapidly,rapidamente
rare,cru
rarely,raramente
rate,avaliar
rather,em vez de
rating,Avaliação
ratio,Razão
raw,cru
reach,alcançar
react,reagir
reaction,reação
read,ler
reader,leitor
reading,leitura
ready,pronto
real,real
reality,realidade
realize,entender
really,verdade
reason,razão
reasonable,razoável
recall,lembrar
receive,receber
recent,recente
recently,recentemente
recipe,receita
recognition,reconhecimento
recognize,reconhecer
recommend,recomendar
recommendation,recomendação
record,registro
recording,gravação
recover,recuperar
recovery,recuperação
recruit,recrutar
red,vermelho
reduce,reduzir
reduction,redução
refer,referir
reference,referência
reflect,refletir
reflection,reflexão
reform,reforma
refugee,refugiado
refuse,recusar
regard,que diz respeito
regarding,em relação a
regardless,sem considerar
regime,regime
region,região
regional,regional
register,registro
regular,regular
regularly,regularmente
regulate,regular
regulation,regulamento
reinforce,reforçar
reject,rejeitar
relate,relacionar
relation,relação
relationship,relação
relative,relativo
relatively,relativamente
relax,relaxar
release,liberar
relevant,relevante
relief,alívio
religion,religião
religious,religioso
rely,confiar
remain,permanecer
remaining,remanescente
remarkable,notável
remember,lembrar
remind,lembrar
remote,controlo remoto
remove,remover
repeat,repetir
repeatedly,repetidamente
replace,substituir
reply,responder
report,relatório
reporter,repórter
represent,representar
representation,representação
representative,representante
Republican,Republicano
reputation,reputação
request,solicitar
require,exigir
requirement,requerimento
research,pesquisar
researcher,investigador
resemble,assemelhar -se
reservation,reserva
resident,residente
resist,resistir
resistance,resistência
resolution,resolução
resolve,resolver
resort,recorrer
resource,recurso
respect,respeito
respond,responder
respondent,respondente
response,resposta
responsibility,responsabilidade
responsible,responsável
rest,descanso
restaurant,restaurante
restore,restaurar
restriction,restrição
result,resultado
retain,reter
retire,se aposentar
retirement,aposentadoria
return,Retorna
reveal,revelar
revenue,receita
review,Reveja
revolution,revolução
rhythm,ritmo
rice,arroz
rich,rico
rid,livrar
ride,passeio
rifle,rifle
right,certo
ring,anel
rise,subir
risk,risco
river,rio
road,estrada
rock,Rocha
role,Função
roll,lista
romantic,romântico
roof,cobertura
room,quarto
root,raiz
rope,corda
rose,rosa
rough,rude
roughly,aproximadamente
round,redondo
route,rota
routine,rotina
row,fileira
rub,esfregar
rule,regra
run,corre
running,corrida
rural,rural
rush,correr
Russian,russo
sacred,sagrado
sad,triste
safe,seguro
safety,segurança
sake,interesse
salad,salada
salary,salário
sale,oferta
sales,vendas
salt,sal
same,mesmo
sample,amostra
sanction,sanção
sand,areia
satellite,satélite
satisfaction,satisfação
satisfy,satisfazer
sauce,molho
save,Salve 
saving,economizando
say,dizer
scale,escala
scandal,escândalo
scared,assustada
scenario,cenário
scene,cena
schedule,cronograma
scheme,esquema
scholar,estudioso
scholarship,Bolsa de estudo
school,escola
science,Ciência
scientific,científico
scientist,cientista
scope,alcance
score,pontuação
scream,gritar
screen,tela
script,roteiro
sea,mar
search,procurar
season,estação
seat,assento
second,segundo
secret,segredo
secretary,secretário
section,seção
sector,setor
secure,seguro
security,segurança
see,Vejo
seed,semente
seek,procurar
seem,parecer
segment,segmento
seize,aproveitar
select,Selecione
selection,seleção
self,auto
sell,vender
Senate,Senado
senator,senador
send,mandar
senior,Senior
sense,senso
sensitive,confidencial
sentence,frase
separate,separado
sequence,seqüência
series,Series
serious,sério
seriously,a sério
serve,servir
service,serviço
session,sessão
set,definir
setting,contexto
settle,resolver
settlement,povoado
seven,Sete
several,de várias
severe,forte
sex,sexo
sexual,sexual
shade,sombra
shadow,sombra
shake,sacudir
shall,deve
shape,forma
share,compartilhar
sharp,afiado
she,ela
sheet,Folha
shelf,prateleira
shell,Concha
shelter,abrigo
shift,mudança
shine,brilhar
ship,navio
shirt,camisa
shit,merda
shock,choque
shoe,sapato
shoot,atirar
shooting,filmagem
shop,fazer compras
shopping,Shopping
shore,costa
short,curto
shortly,Em breve
shot,tomada
should,deve
shoulder,ombro
shout,gritar
show,mostrar
shower,banho
shrug,dar de ombros
shut,fechar
sick,doente
side,lado
sigh,suspirar
sight,visão
sign,sinal
signal,sinal
significance,significado
significant,significativo
significantly,significativamente
silence,silêncio
silent,silencioso
silver,prata
similar,semelhante
similarly,similarmente
simple,simples
simply,simplesmente
sin,pecado
since,desde
sing,este
singer,cantor
single,solteiro
sink,afundar
sir,Senhor
sister,irmã
sit,sentar
site,local
situation,situação
six,seis
size,Tamanho
ski,esqui
skill,habilidade
skin,pele
sky,céu
slave,escravo
sleep,dorme
slice,fatiar
slide,deslizar
slight,pouco
slightly,um pouco
slip,escorregar
slow,lento
slowly,devagar
small,pequena
smart,inteligente
smell,cheiro
smile,sorriso
smoke,fumaça
smooth,suave
snap,foto
snow,neve
so,assim
so-called,assim chamado
soccer,futebol
social,social
society,sociedade
soft,suave
software,Programas
soil,solo
solar,solar
soldier,soldado
solid,sólido
solution,solução
solve,resolver
some,algum
somebody,alguém
somehow,de alguma forma
someone,alguém
something,algo
sometimes,as vezes
somewhat,um pouco
somewhere,em algum lugar
son,filho
song,música
soon,em breve
sophisticated,sofisticado
sorry,desculpe
sort,ordenar
soul,alma
sound,som
soup,sopa
source,fonte
south,sul
southern,sulista
Soviet,Soviético
space,espaço
Spanish,Espanhol
speak,falar
speaker,palestrante
special,especial
specialist,especialista
species,espécies
specific,específico
specifically,especificamente
speech,Fala
speed,Rapidez
spend,gasta
spending,gastar
spin,rodar
spirit,espírito
spiritual,espiritual
split,dividir
spokesman,porta -voz
sport,esporte
spot,ver
spread,espalhar
spring,primavera
square,quadrado
squeeze,espremer
stability,estabilidade
stable,estábulo
staff,funcionários
stage,palco
stair,escada
stake,estaca
stand,ficar
standard,padrão
standing,de pé
star,Estrela
stare,olhar fixamente
start,começar
state,Estado
statement,declaração
station,estação
statistics,Estatisticas
status,status
stay,fique
steady,estável
steal,roubar
steel,aço
step,degrau
stick,grudar
still,ainda
stir,mexer
stock,estoque
stomach,estômago
stone,pedra
stop,Pare
storage,armazenar
store,armazenar
storm,tempestade
story,história
straight,direto
strange,estranho
stranger,desconhecido
strategic,estratégico
strategy,estratégia
stream,fluxo
street,rua
strength,força
strengthen,fortalecer
stress,estresse
stretch,esticar
strike,ataque
string,corda
strip,faixa
stroke,derrame
strong,Forte
strongly,fortemente
structure,estrutura
struggle,luta
student,aluna
studio,estúdio
study,estudar
stuff,material
stupid,estúpido
style,estilo
subject,sujeito
submit,enviar
subsequent,subseqüente
substance,substância
substantial,substancial
succeed,ter sucesso
success,sucesso
successful,bem sucedido
successfully,com sucesso
such,tal
sudden,repentino
suddenly,De repente
sue,processar
suffer,Sofra
sufficient,suficiente
sugar,açúcar
suggest,sugerir
suggestion,sugestão
suicide,suicídio
suit,Traje
summer,verão
summit,cume
sun,Sol
super,super
supply,fornecer
support,"Apoio, suporte"
supporter,apoiador
suppose,suponha
supposed,suposto
Supreme,Supremo
sure,claro
surely,certamente
surface,superfície
surgery,cirurgia
surprise,surpresa
surprised,surpreso
surprising,surpreendente
surprisingly,surpreendentemente
surround,cercada
survey,pesquisa
survival,sobrevivência
survive,sobreviver
survivor,sobrevivente
suspect,suspeito
sustain,sustentar
swear,jurar
sweep,varrer
sweet,doce
swim,nadar
swing,balanço
switch,trocar
symbol,símbolo
symptom,sintoma
system,sistema
table,tabela
tablespoon,colher de sopa
tactic,Tática
tail,rabo
take,leva
tale,conto
talent,talento
talk,conversa
tall,alta
tank,tanque
tap,toque
tape,fita
target,alvo
task,tarefa
taste,gosto
tax,imposto
taxpayer,contribuinte
tea,chá
teach,Ensinar
teacher,professora
teaching,ensino
team,equipe
tear,rasgar
teaspoon,colher de chá
technical,técnico
technique,técnica
technology,tecnologia
teen,adolescente
teenager,adolescente
telephone,Telefone
telescope,telescópio
television,televisão
tell,dizer
temperature,temperatura
temporary,temporário
ten,dez
tend,tratar
tendency,tendência
tennis,tênis
tension,tensão
tent,barraca
term,prazo
terms,termos
terrible,Terrível
territory,território
terror,terror
terrorism,terrorismo
terrorist,terrorista
test,teste
testify,testemunhe
testimony,testemunho
testing,teste
text,texto
than,do que
thank,obrigado
thanks,obrigado
that,este
the,a
theater,teatro
their,seus
them,eles
theme,tema
themselves,eles mesmos
then,então
theory,teoria
therapy,terapia
there,lá
therefore,Portanto
these,esses
they,elas
thick,espesso
thin,fino
thing,coisa
think,acho
thinking,pensamento
third,terceiro
thirty,trinta
this,isto
those,Essa
though,no entanto
thought,pensamento
thousand,mil
threat,ameaça
threaten,ameaçar
three,três
throat,garganta
through,Através dos
throughout,por todo
throw,lançar
thus,portanto
ticket,bilhete
tie,gravata
tight,apertado
time,Tempo
tiny,minúsculo
tip,gorjeta
tire,pneu
tired,cansado
tissue,tecido
title,título
to,para
tobacco,tabaco
today,hoje
toe,então
together,juntos
tomato,tomate
tomorrow,amanhã
tone,tom
tongue,língua
tonight,esta noite
too,também
tool,ferramenta
tooth,dente
top,topo
topic,tema
toss,sorteio
total,total
totally,totalmente
touch,toque
tough,difícil
tour,Tour
tourist,turista
tournament,torneio
toward,na direção
towards,em direção
tower,torre
town,Cidade
toy,brinquedo
trace,vestígio
track,acompanhar
trade,troca
tradition,tradição
traditional,tradicional
traffic,tráfego
tragedy,tragédia
trail,trilha
train,Comboio
training,Treinamento
transfer,transferir
transform,transformar
transformation,transformação
transition,transição
translate,traduzir
transportation,transporte
travel,viagem
treat,tratar
treatment,tratamento
treaty,tratado
tree,árvore
tremendous,tremendo
trend,tendência
trial,tentativas
tribe,tribo
trick,truque
trip,viagem
troop,tropa
trouble,problema
truck,caminhão
true,verdadeiro
truly,verdadeiramente
trust,Confiar em
truth,verdade
try,tentar
tube,tubo
tunnel,túnel
turn,virar
TV,televisão
twelve,doze
twenty,vinte
twice,duas vezes
twin,gêmeo
two,dois
type,modelo
typical,típica
typically,tipicamente
ugly,feio
ultimate,final
ultimately,em última análise
unable,impossível
uncle,tio
under,debaixo
undergo,submeter-se a
understand,Compreendo
understanding,compreensão
unfortunately,infelizmente
uniform,uniforme
union,União
unique,único
unit,unidade
United,Unido
universal,universal
universe,universo
university,universidade
unknown,desconhecido
unless,a não ser que
unlike,diferente
unlikely,improvável
until,até
unusual,incomum
up,acima
upon,sobre
upper,superior
urban,urbano
urge,impulso
us,nós
use,usar
used,usado
useful,útil
user,do utilizador
usual,usual
usually,usualmente
utility,Utilitário
vacation,período de férias
valley,vale
valuable,de valor
value,valor
variable,variável
variation,variação
variety,variedade
various,vários
vary,variar
vast,grande
vegetable,vegetal
vehicle,veículo
venture,risco
version,versão
versus,contra
very,muito
vessel,embarcação
veteran,Eles veterantes
via,através da
victim,vítima
victory,vitória
video,vídeo
view,Visão
viewer,espectador
village,Vila
violate,violar
violation,violação
violence,violência
violent,violento
virtually,virtualmente
virtue,virtude
virus,vírus
visible,visível
vision,visão
visit,Visita
visitor,Visitante
visual,visual
vital,vital
voice,voz
volume,volume
volunteer,voluntário
vote,voto
voter,eleitor
vs,vs.
vulnerable,vulnerável
wage,remuneração
wait,esperar
wake,acordar
walk,andar
wall,muro
wander,perambular
want,querer
war,guerra
warm,caloroso
warn,avisar
warning,aviso
wash,lavagem
waste,desperdício
watch,ver
water,agua
wave,aceno
way,caminho
we,nós
weak,fraco
wealth,fortuna
wealthy,próspero
weapon,arma
wear,vestem
weather,tempo
wedding,Casamento
week,semana
weekend,fim de semana
weekly,semanalmente
weigh,pesar
weight,peso
welcome,Bem-vindo
welfare,bem-estar
well,Nós vamos
west,Oeste
western,ocidental
wet,molhado
what,o que
whatever,qualquer que seja
wheel,roda
when,quando
whenever,em qualquer momento
where,Onde
whereas,enquanto
whether,se
which,que
while,enquanto
whisper,sussurrar
white,branco
who,quem
whole,todo
whom,o qual
whose,de quem
why,Por quê
wide,largo
widely,largamente
widespread,difundido
wife,esposa
wild,selvagem
will,vai
willing,disposto
win,ganhar
wind,vento
window,janela
wine,vinho
wing,asa
winner,vencedora
winter,inverno
wipe,limpar
wire,arame
wisdom,sabedoria
wise,sábio
wish,desejar
with,com
withdraw,retirar o
within,dentro de
without,sem
witness,testemunha
woman,mulher
wonder,maravilha
wonderful,Maravilhoso
wood,madeira
wooden,de madeira
word,palavra
work,trabalhar
worker,trabalhador
working,trabalhando
works,funciona
workshop,oficina
world,mundo
worried,preocupado
worry,preocupar
worth,que vale a pena
would,gostaria
wound,ferimento
wrap,enrolar
write,Escreva
writer,escritor
writing,escrita
wrong,errado
yard,Jardim
yeah,sim
year,ano
yell,gritar
yellow,amarelo
yes,sim
yesterday,ontem
yet,ainda
yield,colheita
you,vocês
young,jovem
your,sua
yours,Sua
yourself,você mesma
youth,juventude
zone,zona